[{"domain": ".xiaohongshu.com", "expiry": 1745646734, "httpOnly": false, "name": "sec_poison_id", "path": "/", "sameSite": "Lax", "secure": false, "value": "696194c8-f4d5-4f9a-8adc-cce0e4edb348"}, {"domain": ".xiaohongshu.com", "expiry": 1745905329, "httpOnly": false, "name": "websectiga", "path": "/", "sameSite": "Lax", "secure": false, "value": "6169c1e84f393779a5f7fe7303038f3b47a78e47be716e7bec57ccce17d45f99"}, {"domain": ".xiaohongshu.com", "expiry": 1777181831, "httpOnly": false, "name": "webId", "path": "/", "sameSite": "Lax", "secure": false, "value": "022cbff1eb2f96a51882a3a1d83e1221"}, {"domain": "creator.xiaohongshu.com", "expiry": 1745647631, "httpOnly": true, "name": "acw_tc", "path": "/", "sameSite": "Lax", "secure": false, "value": "0a00077317456458295371682ed2c746b6131e3f70497132763e82800fc390"}, {"domain": ".xiaohongshu.com", "expiry": 1777181831, "httpOnly": false, "name": "a1", "path": "/", "sameSite": "Lax", "secure": false, "value": "1967099847av3f4398kv0tw7etjle9ewiiwn0080n50000160210"}, {"domain": ".xiaohongshu.com", "expiry": 1777181831, "httpOnly": false, "name": "xsecappid", "path": "/", "sameSite": "Lax", "secure": false, "value": "ugc"}, {"domain": ".xiaohongshu.com", "expiry": 1780205834, "httpOnly": false, "name": "gid", "path": "/", "sameSite": "Lax", "secure": false, "value": "yjKW8jjWfj4jyjKW8jJj2fVKJS6AS9q61T7v7AFlf2UyuY282K9qJE888JYy2qj8WYKi882S"}]