[{"domain": ".xiaohongshu.com", "expiry": 1748242725, "httpOnly": true, "name": "access-token-creator.xiaohongshu.com", "path": "/", "sameSite": "Lax", "secure": true, "value": "customer.creator.AT-68c5174975127744430628565f4kyuhxxwxretnl"}, {"domain": ".xiaohongshu.com", "expiry": 1745651861, "httpOnly": false, "name": "sec_poison_id", "path": "/", "sameSite": "Lax", "secure": true, "value": "633dfcd5-cc99-40da-80af-0e8aa481f3e2"}, {"domain": ".xiaohongshu.com", "expiry": 1745905365, "httpOnly": false, "name": "websectiga", "path": "/", "sameSite": "Lax", "secure": true, "value": "59d3ef1e60c4aa37a7df3c23467bd46d7f1da0b1918cf335ee7f2e9e52ac04cf"}, {"domain": ".xiaohongshu.com", "expiry": 1777182120, "httpOnly": false, "name": "a1", "path": "/", "sameSite": "Lax", "secure": true, "value": "196709dec6dn7t5g7iv4fdbvr7l43x6oh1em64opu50000140508"}, {"domain": ".xiaohongshu.com", "expiry": 1777182120, "httpOnly": false, "name": "webId", "path": "/", "sameSite": "Lax", "secure": true, "value": "7e093fdf8e2dcefda8b8c8d772816bb6"}, {"domain": ".xiaohongshu.com", "expiry": 1748242726, "httpOnly": true, "name": "galaxy_creator_session_id", "path": "/", "sameSite": "Lax", "secure": true, "value": "Mt7LSOaXl3IctQf3Qxc1G172x8nMkEe7SF0u"}, {"domain": ".xiaohongshu.com", "expiry": 1780206124, "httpOnly": false, "name": "gid", "path": "/", "sameSite": "Lax", "secure": true, "value": "yjKW8jfdYK60yjKW8jffKClVJfh83YTvMhUlYU4WT9Aux928Ey4uE7888yWWqWJ8JYjjdyY4"}, {"domain": ".xiaohongshu.com", "expiry": 1780206138, "httpOnly": true, "name": "customerClientId", "path": "/", "sameSite": "Lax", "secure": true, "value": "978801985060034"}, {"domain": ".xiaohongshu.com", "expiry": 1748242726, "httpOnly": true, "name": "galaxy.creator.beaker.session.id", "path": "/", "sameSite": "Lax", "secure": true, "value": "1745650725830013201344"}, {"domain": ".xiaohongshu.com", "expiry": 1777187430, "httpOnly": false, "name": "xsecappid", "path": "/", "sameSite": "Lax", "secure": false, "value": "ugc"}, {"domain": ".xiaohongshu.com", "expiry": 1780210726, "httpOnly": true, "name": "x-user-id-creator.xiaohongshu.com", "path": "/", "sameSite": "Lax", "secure": true, "value": "5f176bd30000000001006909"}, {"domain": ".creator.xiaohongshu.com", "expiry": 1745653054, "httpOnly": true, "name": "acw_tc", "path": "/", "sameSite": "Lax", "secure": true, "value": "0a00076417456512541435957e9bdd0b5688b6aecd3af8fb15676e5c62962a"}, {"domain": ".xiaohongshu.com", "expiry": 1746250938, "httpOnly": true, "name": "customer-sso-sid", "path": "/", "sameSite": "Lax", "secure": true, "value": "68c5174974930735209544815zjhx62sfbrj9kuv"}, {"domain": "creator.xiaohongshu.com", "expiry": 1745653225, "httpOnly": true, "name": "acw_tc", "path": "/", "sameSite": "Lax", "secure": false, "value": "0a00071717456514243357770e77dd865db688e21899265411eb9453f73683"}]