[{"domain": ".xiaohongshu.com", "expiry": 1748269059, "httpOnly": true, "name": "galaxy.creator.beaker.session.id", "path": "/", "sameSite": "Lax", "secure": false, "value": "1745677058742047293683"}, {"domain": ".xiaohongshu.com", "expiry": 1748269059, "httpOnly": true, "name": "galaxy_creator_session_id", "path": "/", "sameSite": "Lax", "secure": false, "value": "GUsJkP7YoK0mccdUwod1ZIrUw5cato9MbXik"}, {"domain": ".creator.xiaohongshu.com", "expiry": 1745678755, "httpOnly": true, "name": "acw_tc", "path": "/", "sameSite": "Lax", "secure": true, "value": "0a00077317456769546027339ed2cabe46c79aae7c208f0a9cdce0e2c7eb22"}, {"domain": ".xiaohongshu.com", "expiry": 1745677663, "httpOnly": false, "name": "sec_poison_id", "path": "/", "sameSite": "Lax", "secure": false, "value": "739b8987-8770-4918-b199-140ef7b50b31"}, {"domain": ".xiaohongshu.com", "expiry": 1748269058, "httpOnly": true, "name": "access-token-creator.xiaohongshu.com", "path": "/", "sameSite": "Lax", "secure": false, "value": "customer.creator.AT-68c517497625873909701334rsvtpvy48embosvf"}, {"domain": ".xiaohongshu.com", "expiry": 1777212955, "httpOnly": false, "name": "webId", "path": "/", "sameSite": "Lax", "secure": true, "value": "c2a7ff6a54fdf3b0da4af80476024d9d"}, {"domain": ".xiaohongshu.com", "expiry": 1745936258, "httpOnly": false, "name": "websectiga", "path": "/", "sameSite": "Lax", "secure": false, "value": "a9bdcaed0af874f3a1431e94fbea410e8f738542fbb02df1e8e30c29ef3d91ac"}, {"domain": ".xiaohongshu.com", "expiry": 1780236976, "httpOnly": false, "name": "gid", "path": "/", "sameSite": "Lax", "secure": true, "value": "yjKWJW4WYyqyyjKWJW4KivE0487KhTMu42MJYviDCChfd728vv1A12888JWJ2W28YiiD2YJS"}, {"domain": ".xiaohongshu.com", "expiry": 1777212955, "httpOnly": false, "name": "a1", "path": "/", "sameSite": "Lax", "secure": true, "value": "19672746f40u6vksz45s2bxxvdeyylql3y8u5wayf50000272575"}, {"domain": ".xiaohongshu.com", "expiry": 1780237059, "httpOnly": true, "name": "x-user-id-creator.xiaohongshu.com", "path": "/", "sameSite": "Lax", "secure": false, "value": "5f176bd30000000001006909"}, {"domain": ".xiaohongshu.com", "expiry": 1780236972, "httpOnly": true, "name": "customerClientId", "path": "/", "sameSite": "Lax", "secure": true, "value": "597747626740917"}, {"domain": ".xiaohongshu.com", "expiry": 1746281772, "httpOnly": true, "name": "customer-sso-sid", "path": "/", "sameSite": "Lax", "secure": false, "value": "68c517497625500247546118x80j1jtfgdw9xh2y"}, {"domain": ".xiaohongshu.com", "expiry": 1777213059, "httpOnly": false, "name": "xsecappid", "path": "/", "sameSite": "Lax", "secure": false, "value": "ugc"}, {"domain": "creator.xiaohongshu.com", "expiry": 1745678857, "httpOnly": true, "name": "acw_tc", "path": "/", "sameSite": "Lax", "secure": false, "value": "0a00073f17456770557588325e1bab93ab4e6cfe79d233c65efbda1f63ec3b"}]